From,Departure Delay,Count,TotalDepartures,Std_Delay,Probability
Bkb,0.0,17453,44556,3.6673175510100515,0.39170930963282163
Bkb,1.0,14455,44556,3.6673175510100515,0.3244231977735883
Bkb,2.0,5145,44556,3.6673175510100515,0.11547266361432804
Bkb,3.0,2081,44556,3.6673175510100515,0.046705269772870095
Bkb,4.0,1187,44556,3.6673175510100515,0.02664063201364575
Bkb,5.0,864,44556,3.6673175510100515,0.019391327767304067
Bkb,6.0,599,44556,3.6673175510100515,0.01344375617200826
Bkb,7.0,496,44556,3.6673175510100515,0.011132058533081964
Bkb,8.0,335,44556,3.6673175510100515,0.007518628243109795
Bkb,9.0,282,44556,3.6673175510100515,0.006329113924050633
Bkb,10.0,223,44556,3.6673175510100515,0.0050049376066074154
Bkb,11.0,154,44556,3.6673175510100515,0.0034563246251907713
Bkb,12.0,140,44556,3.6673175510100515,0.0031421132956279737
Bkb,13.0,124,44556,3.6673175510100515,0.002783014633270491
Bkb,14.0,109,44556,3.6673175510100515,0.002446359637310351
Bkb,15.0,123,44556,3.6673175510100515,0.0027605709668731483
Bkb,16.0,89,44556,3.6673175510100515,0.0019974863093634976
Bkb,17.0,59,44556,3.6673175510100515,0.0013241763174432176
Bkb,18.0,76,44556,3.6673175510100515,0.001705718646198043
Bkb,19.0,64,44556,3.6673175510100515,0.001436394649429931
Bkb,20.0,53,44556,3.6673175510100515,0.0011895143190591615
Bkb,21.0,37,44556,3.6673175510100515,0.0008304156567016788
Bkb,22.0,40,44556,3.6673175510100515,0.0008977466558937068
Bkb,23.0,40,44556,3.6673175510100515,0.0008977466558937068
Bkb,24.0,33,44556,3.6673175510100515,0.0007406409911123081
Bkb,25.0,27,44556,3.6673175510100515,0.0006059789927282521
Bkb,26.0,25,44556,3.6673175510100515,0.0005610916599335668
Bkb,27.0,20,44556,3.6673175510100515,0.0004488733279468534
Bkb,28.0,21,44556,3.6673175510100515,0.00047131699434419606
Bkb,29.0,14,44556,3.6673175510100515,0.00031421132956279736
Bkb,30.0,188,44556,3.6673175510100515,0.004219409282700422
Bro,0.0,18013,25488,3.2796523564319444,0.7067247332077841
Bro,1.0,3591,25488,3.2796523564319444,0.1408898305084746
Bro,2.0,1127,25488,3.2796523564319444,0.044216886377903324
Bro,3.0,610,25488,3.2796523564319444,0.023932831136220967
Bro,4.0,421,25488,3.2796523564319444,0.01651757689893283
Bro,5.0,317,25488,3.2796523564319444,0.012437225360954174
Bro,6.0,274,25488,3.2796523564319444,0.010750156936597614
Bro,7.0,186,25488,3.2796523564319444,0.007297551789077213
Bro,8.0,147,25488,3.2796523564319444,0.005767419962335217
Bro,9.0,99,25488,3.2796523564319444,0.003884180790960452
Bro,10.0,89,25488,3.2796523564319444,0.0034918392969240427
Bro,11.0,75,25488,3.2796523564319444,0.0029425612052730696
Bro,12.0,66,25488,3.2796523564319444,0.0025894538606403015
Bro,13.0,61,25488,3.2796523564319444,0.0023932831136220965
Bro,14.0,31,25488,3.2796523564319444,0.0012162586315128687
Bro,15.0,48,25488,3.2796523564319444,0.0018832391713747645
Bro,16.0,41,25488,3.2796523564319444,0.0016086001255492782
Bro,17.0,34,25488,3.2796523564319444,0.0013339610797237916
Bro,18.0,18,25488,3.2796523564319444,0.0007062146892655367
Bro,19.0,22,25488,3.2796523564319444,0.0008631512868801004
Bro,20.0,21,25488,3.2796523564319444,0.0008239171374764595
Bro,21.0,18,25488,3.2796523564319444,0.0007062146892655367
Bro,22.0,15,25488,3.2796523564319444,0.0005885122410546139
Bro,23.0,19,25488,3.2796523564319444,0.0007454488386691776
Bro,24.0,15,25488,3.2796523564319444,0.0005885122410546139
Bro,25.0,12,25488,3.2796523564319444,0.00047080979284369113
Bro,26.0,6,25488,3.2796523564319444,0.00023540489642184556
Bro,27.0,10,25488,3.2796523564319444,0.00039234149403640927
Bro,28.0,8,25488,3.2796523564319444,0.00031387319522912746
Bro,29.0,6,25488,3.2796523564319444,0.00023540489642184556
Bro,30.0,88,25488,3.2796523564319444,0.003452605147520402
Bål,0.0,8232,12350,2.314028257649713,0.6665587044534413
Bål,1.0,3387,12350,2.314028257649713,0.274251012145749
Bål,2.0,268,12350,2.314028257649713,0.021700404858299594
Bål,3.0,108,12350,2.314028257649713,0.00874493927125506
Bål,4.0,58,12350,2.314028257649713,0.004696356275303644
Bål,5.0,49,12350,2.314028257649713,0.003967611336032389
Bål,6.0,35,12350,2.314028257649713,0.002834008097165992
Bål,7.0,20,12350,2.314028257649713,0.0016194331983805667
Bål,8.0,20,12350,2.314028257649713,0.0016194331983805667
Bål,9.0,11,12350,2.314028257649713,0.0008906882591093117
Bål,10.0,15,12350,2.314028257649713,0.0012145748987854252
Bål,11.0,11,12350,2.314028257649713,0.0008906882591093117
Bål,12.0,17,12350,2.314028257649713,0.0013765182186234817
Bål,13.0,12,12350,2.314028257649713,0.0009716599190283401
Bål,14.0,10,12350,2.314028257649713,0.0008097165991902834
Bål,15.0,6,12350,2.314028257649713,0.00048582995951417006
Bål,16.0,12,12350,2.314028257649713,0.0009716599190283401
Bål,17.0,7,12350,2.314028257649713,0.0005668016194331983
Bål,18.0,7,12350,2.314028257649713,0.0005668016194331983
Bål,19.0,7,12350,2.314028257649713,0.0005668016194331983
Bål,20.0,8,12350,2.314028257649713,0.0006477732793522267
Bål,21.0,3,12350,2.314028257649713,0.00024291497975708503
Bål,22.0,4,12350,2.314028257649713,0.00032388663967611336
Bål,23.0,8,12350,2.314028257649713,0.0006477732793522267
Bål,24.0,2,12350,2.314028257649713,0.00016194331983805668
Bål,25.0,3,12350,2.314028257649713,0.00024291497975708503
Bål,26.0,5,12350,2.314028257649713,0.0004048582995951417
Bål,27.0,2,12350,2.314028257649713,0.00016194331983805668
Bål,28.0,1,12350,2.314028257649713,8.097165991902834e-05
Bål,30.0,22,12350,2.314028257649713,0.0017813765182186235
Cst,0.0,38696,49745,3.415384078513714,0.7778872248467182
Cst,1.0,3940,49745,3.415384078513714,0.07920394009448185
Cst,2.0,1704,49745,3.415384078513714,0.034254698964720075
Cst,3.0,953,49745,3.415384078513714,0.019157704291888632
Cst,4.0,716,49745,3.415384078513714,0.014393406372499749
Cst,5.0,917,49745,3.415384078513714,0.018434013468690322
Cst,6.0,453,49745,3.415384078513714,0.00910644285857875
Cst,7.0,358,49745,3.415384078513714,0.0071967031862498745
Cst,8.0,290,49745,3.415384078513714,0.00582973163131973
Cst,9.0,212,49745,3.415384078513714,0.004261734847723389
Cst,10.0,192,49745,3.415384078513714,0.003859684390390994
Cst,11.0,156,49745,3.415384078513714,0.0031359935671926827
Cst,12.0,103,49745,3.415384078513714,0.0020705598552618353
Cst,13.0,151,49745,3.415384078513714,0.003035480952859584
Cst,14.0,91,49745,3.415384078513714,0.0018293295808623983
Cst,15.0,98,49745,3.415384078513714,0.0019700472409287365
Cst,16.0,80,49745,3.415384078513714,0.0016082018293295808
Cst,17.0,72,49745,3.415384078513714,0.0014473816463966228
Cst,18.0,53,49745,3.415384078513714,0.0010654337119308474
Cst,19.0,46,49745,3.415384078513714,0.000924716051864509
Cst,20.0,54,49745,3.415384078513714,0.001085536234797467
Cst,21.0,33,49745,3.415384078513714,0.0006633832545984522
Cst,22.0,43,49745,3.415384078513714,0.0008644084832646498
Cst,23.0,36,49745,3.415384078513714,0.0007236908231983114
Cst,24.0,24,49745,3.415384078513714,0.0004824605487988743
Cst,25.0,20,49745,3.415384078513714,0.0004020504573323952
Cst,26.0,20,49745,3.415384078513714,0.0004020504573323952
Cst,27.0,12,49745,3.415384078513714,0.00024123027439943714
Cst,28.0,27,49745,3.415384078513714,0.0005427681173987335
Cst,29.0,18,49745,3.415384078513714,0.0003618454115991557
Cst,30.0,177,49745,3.415384078513714,0.003558146547391698
Fas,0.0,33077,49825,3.520404104808145,0.6638635223281485
Fas,1.0,8133,49825,3.520404104808145,0.1632313095835424
Fas,2.0,2786,49825,3.520404104808145,0.05591570496738585
Fas,3.0,1384,49825,3.520404104808145,0.027777220270948318
Fas,4.0,931,49825,3.520404104808145,0.018685398896136476
Fas,5.0,605,49825,3.520404104808145,0.012142498745609633
Fas,6.0,486,49825,3.520404104808145,0.00975413948820873
Fas,7.0,347,49825,3.520404104808145,0.0069643753135975916
Fas,8.0,263,49825,3.520404104808145,0.005278474661314601
Fas,9.0,240,49825,3.520404104808145,0.00481685900652283
Fas,10.0,163,49825,3.520404104808145,0.0032714500752634218
Fas,11.0,114,49825,3.520404104808145,0.002288008028098344
Fas,12.0,185,49825,3.520404104808145,0.0037129954841946815
Fas,13.0,140,49825,3.520404104808145,0.0028098344204716508
Fas,14.0,110,49825,3.520404104808145,0.002207727044656297
Fas,15.0,85,49825,3.520404104808145,0.0017059708981435023
Fas,16.0,72,49825,3.520404104808145,0.001445057701956849
Fas,17.0,67,49825,3.520404104808145,0.00134470647265429
Fas,18.0,59,49825,3.520404104808145,0.0011841445057701957
Fas,19.0,69,49825,3.520404104808145,0.0013848469643753137
Fas,20.0,37,49825,3.520404104808145,0.0007425990968389363
Fas,21.0,48,49825,3.520404104808145,0.000963371801304566
Fas,22.0,36,49825,3.520404104808145,0.0007225288509784245
Fas,23.0,39,49825,3.520404104808145,0.0007827395885599598
Fas,24.0,25,49825,3.520404104808145,0.0005017561465127947
Fas,25.0,20,49825,3.520404104808145,0.00040140491721023583
Fas,26.0,31,49825,3.520404104808145,0.0006221776216758655
Fas,27.0,25,49825,3.520404104808145,0.0005017561465127947
Fas,28.0,24,49825,3.520404104808145,0.000481685900652283
Fas,29.0,22,49825,3.520404104808145,0.0004415454089312594
Fas,30.0,202,49825,3.520404104808145,0.004054189663823382
Gdv,0.0,8588,20610,3.235278655194758,0.41669092673459485
Gdv,1.0,8664,20610,3.235278655194758,0.42037845705967974
Gdv,2.0,1419,20610,3.235278655194758,0.06885007278020379
Gdv,3.0,576,20610,3.235278655194758,0.02794759825327511
Gdv,4.0,300,20610,3.235278655194758,0.01455604075691412
Gdv,5.0,163,20610,3.235278655194758,0.007908782144590005
Gdv,6.0,102,20610,3.235278655194758,0.004949053857350801
Gdv,7.0,120,20610,3.235278655194758,0.005822416302765648
Gdv,8.0,97,20610,3.235278655194758,0.004706453178068898
Gdv,9.0,85,20610,3.235278655194758,0.004124211547792334
Gdv,10.0,52,20610,3.235278655194758,0.0025230470645317806
Gdv,11.0,57,20610,3.235278655194758,0.0027656477438136825
Gdv,12.0,18,20610,3.235278655194758,0.0008733624454148472
Gdv,13.0,26,20610,3.235278655194758,0.0012615235322658903
Gdv,14.0,12,20610,3.235278655194758,0.0005822416302765648
Gdv,15.0,14,20610,3.235278655194758,0.0006792819019893256
Gdv,16.0,15,20610,3.235278655194758,0.000727802037845706
Gdv,17.0,44,20610,3.235278655194758,0.0021348859776807376
Gdv,18.0,61,20610,3.235278655194758,0.0029597282872392042
Gdv,19.0,24,20610,3.235278655194758,0.0011644832605531296
Gdv,20.0,13,20610,3.235278655194758,0.0006307617661329451
Gdv,21.0,10,20610,3.235278655194758,0.00048520135856380397
Gdv,22.0,10,20610,3.235278655194758,0.00048520135856380397
Gdv,23.0,1,20610,3.235278655194758,4.8520135856380395e-05
Gdv,24.0,6,20610,3.235278655194758,0.0002911208151382824
Gdv,25.0,6,20610,3.235278655194758,0.0002911208151382824
Gdv,26.0,6,20610,3.235278655194758,0.0002911208151382824
Gdv,27.0,2,20610,3.235278655194758,9.704027171276079e-05
Gdv,28.0,17,20610,3.235278655194758,0.0008248423095584668
Gdv,29.0,13,20610,3.235278655194758,0.0006307617661329451
Gdv,30.0,89,20610,3.235278655194758,0.004318292091217856
Hfa,0.0,9636,20873,3.1456350770915833,0.46164902026541466
Hfa,1.0,5659,20873,3.1456350770915833,0.2711157955253198
Hfa,2.0,2518,20873,3.1456350770915833,0.12063431226943899
Hfa,3.0,1153,20873,3.1456350770915833,0.05523882527667322
Hfa,4.0,593,20873,3.1456350770915833,0.028409907536051358
Hfa,5.0,352,20873,3.1456350770915833,0.016863891151248023
Hfa,6.0,214,20873,3.1456350770915833,0.010252479279451924
Hfa,7.0,122,20873,3.1456350770915833,0.00584487136492119
Hfa,8.0,100,20873,3.1456350770915833,0.004790878167968189
Hfa,9.0,64,20873,3.1456350770915833,0.003066162027499641
Hfa,10.0,45,20873,3.1456350770915833,0.002155895175585685
Hfa,11.0,35,20873,3.1456350770915833,0.001676807358788866
Hfa,12.0,23,20873,3.1456350770915833,0.0011019019786326833
Hfa,13.0,31,20873,3.1456350770915833,0.0014851722320701384
Hfa,14.0,28,20873,3.1456350770915833,0.0013414458870310928
Hfa,15.0,20,20873,3.1456350770915833,0.0009581756335936378
Hfa,16.0,46,20873,3.1456350770915833,0.0022038039572653666
Hfa,17.0,30,20873,3.1456350770915833,0.0014372634503904565
Hfa,18.0,25,20873,3.1456350770915833,0.0011977195419920472
Hfa,19.0,11,20873,3.1456350770915833,0.0005269965984765007
Hfa,20.0,19,20873,3.1456350770915833,0.0009102668519139558
Hfa,21.0,10,20873,3.1456350770915833,0.0004790878167968189
Hfa,22.0,9,20873,3.1456350770915833,0.00043117903511713697
Hfa,23.0,5,20873,3.1456350770915833,0.00023954390839840944
Hfa,24.0,10,20873,3.1456350770915833,0.0004790878167968189
Hfa,25.0,9,20873,3.1456350770915833,0.00043117903511713697
Hfa,26.0,10,20873,3.1456350770915833,0.0004790878167968189
Hfa,27.0,3,20873,3.1456350770915833,0.00014372634503904565
Hfa,28.0,10,20873,3.1456350770915833,0.0004790878167968189
Hfa,29.0,10,20873,3.1456350770915833,0.0004790878167968189
Hfa,30.0,73,20873,3.1456350770915833,0.003497341062616778
Hnd,0.0,33248,49735,3.416137002781957,0.668503066251131
Hnd,1.0,8005,49735,3.416137002781957,0.1609530511712074
Hnd,2.0,2677,49735,3.416137002781957,0.05382527395194531
Hnd,3.0,1395,49735,3.416137002781957,0.02804865788680004
Hnd,4.0,913,49735,3.416137002781957,0.01835729365637881
Hnd,5.0,654,49735,3.416137002781957,0.0131496933748869
Hnd,6.0,479,49735,3.416137002781957,0.009631044536041017
Hnd,7.0,318,49735,3.416137002781957,0.006393887604302805
Hnd,8.0,279,49735,3.416137002781957,0.005609731577360008
Hnd,9.0,229,49735,3.416137002781957,0.0046044033376897555
Hnd,10.0,157,49735,3.416137002781957,0.0031567306725645925
Hnd,11.0,171,49735,3.416137002781957,0.003438222579672263
Hnd,12.0,150,49735,3.416137002781957,0.003015984719010757
Hnd,13.0,136,49735,3.416137002781957,0.0027344928119030863
Hnd,14.0,125,49735,3.416137002781957,0.002513320599175631
Hnd,15.0,84,49735,3.416137002781957,0.001688951442646024
Hnd,16.0,81,49735,3.416137002781957,0.0016286317482658089
Hnd,17.0,62,49735,3.416137002781957,0.001246607017191113
Hnd,18.0,52,49735,3.416137002781957,0.0010455413692570625
Hnd,19.0,63,49735,3.416137002781957,0.001266713581984518
Hnd,20.0,44,49735,3.416137002781957,0.0008846888509098221
Hnd,21.0,33,49735,3.416137002781957,0.0006635166381823665
Hnd,22.0,39,49735,3.416137002781957,0.0007841560269427968
Hnd,23.0,32,49735,3.416137002781957,0.0006434100733889615
Hnd,24.0,25,49735,3.416137002781957,0.0005026641198351262
Hnd,25.0,28,49735,3.416137002781957,0.0005629838142153413
Hnd,26.0,19,49735,3.416137002781957,0.0003820247310746959
Hnd,27.0,23,49735,3.416137002781957,0.00046245099024831606
Hnd,28.0,13,49735,3.416137002781957,0.00026138534231426563
Hnd,29.0,18,49735,3.416137002781957,0.00036191816628129085
Hnd,30.0,183,49735,3.416137002781957,0.0036795013571931236
Jbo,0.0,32844,49678,3.3730762825140057,0.6611377269616329
Jbo,1.0,8684,49678,3.3730762825140057,0.1748057490237127
Jbo,2.0,2540,49678,3.3730762825140057,0.05112927251499658
Jbo,3.0,1382,49678,3.3730762825140057,0.02781915536052176
Jbo,4.0,888,49678,3.3730762825140057,0.017875115745400377
Jbo,5.0,600,49678,3.3730762825140057,0.012077780909054309
Jbo,6.0,444,49678,3.3730762825140057,0.008937557872700189
Jbo,7.0,320,49678,3.3730762825140057,0.006441483151495632
Jbo,8.0,258,49678,3.3730762825140057,0.005193445790893353
Jbo,9.0,209,49678,3.3730762825140057,0.0042070936833205844
Jbo,10.0,162,49678,3.3730762825140057,0.0032610008454446635
Jbo,11.0,174,49678,3.3730762825140057,0.0035025564636257498
Jbo,12.0,145,49678,3.3730762825140057,0.002918797053021458
Jbo,13.0,134,49678,3.3730762825140057,0.002697371069688796
Jbo,14.0,109,49678,3.3730762825140057,0.0021941301984781995
Jbo,15.0,84,49678,3.3730762825140057,0.0016908893272676033
Jbo,16.0,83,49678,3.3730762825140057,0.0016707596924191795
Jbo,17.0,53,49678,3.3730762825140057,0.001066870646966464
Jbo,18.0,50,49678,3.3730762825140057,0.0010064817424211925
Jbo,19.0,61,49678,3.3730762825140057,0.0012279077257538549
Jbo,20.0,46,49678,3.3730762825140057,0.0009259632030274971
Jbo,21.0,40,49678,3.3730762825140057,0.000805185393936954
Jbo,22.0,35,49678,3.3730762825140057,0.0007045372196948348
Jbo,23.0,33,49678,3.3730762825140057,0.0006642779499979871
Jbo,24.0,25,49678,3.3730762825140057,0.0005032408712105962
Jbo,25.0,24,49678,3.3730762825140057,0.0004831112363621724
Jbo,26.0,23,49678,3.3730762825140057,0.00046298160151374854
Jbo,27.0,24,49678,3.3730762825140057,0.0004831112363621724
Jbo,28.0,10,49678,3.3730762825140057,0.0002012963484842385
Jbo,29.0,16,49678,3.3730762825140057,0.0003220741575747816
Jbo,30.0,178,49678,3.3730762825140057,0.003583075003019445
Jkb,0.0,31440,43347,3.509172549778898,0.7253097100145339
Jkb,1.0,4411,43347,3.509172549778898,0.10176021408632661
Jkb,2.0,2018,43347,3.509172549778898,0.04655454818095831
Jkb,3.0,1229,43347,3.509172549778898,0.028352596488799685
Jkb,4.0,865,43347,3.509172549778898,0.01995524488430572
Jkb,5.0,621,43347,3.509172549778898,0.01432625095162295
Jkb,6.0,502,43347,3.509172549778898,0.011580962927076844
Jkb,7.0,354,43347,3.509172549778898,0.008166655131843035
Jkb,8.0,310,43347,3.509172549778898,0.007151590652178928
Jkb,9.0,204,43347,3.509172549778898,0.004706208042079036
Jkb,10.0,157,43347,3.509172549778898,0.0036219346206196506
Jkb,11.0,146,43347,3.509172549778898,0.0033681685007036243
Jkb,12.0,129,43347,3.509172549778898,0.002975984497197038
Jkb,13.0,117,43347,3.509172549778898,0.002699148730015918
Jkb,14.0,94,43347,3.509172549778898,0.0021685468429187716
Jkb,15.0,102,43347,3.509172549778898,0.002353104021039518
Jkb,16.0,63,43347,3.509172549778898,0.001453387777700879
Jkb,17.0,63,43347,3.509172549778898,0.001453387777700879
Jkb,18.0,70,43347,3.509172549778898,0.001614875308556532
Jkb,19.0,35,43347,3.509172549778898,0.000807437654278266
Jkb,20.0,37,43347,3.509172549778898,0.0008535769488084527
Jkb,21.0,36,43347,3.509172549778898,0.0008305073015433594
Jkb,22.0,31,43347,3.509172549778898,0.0007151590652178929
Jkb,23.0,28,43347,3.509172549778898,0.0006459501234226129
Jkb,24.0,34,43347,3.509172549778898,0.0007843680070131727
Jkb,25.0,27,43347,3.509172549778898,0.0006228804761575196
Jkb,26.0,13,43347,3.509172549778898,0.00029990541444621313
Jkb,27.0,21,43347,3.509172549778898,0.00048446259256695965
Jkb,28.0,10,43347,3.509172549778898,0.00023069647265093316
Jkb,29.0,17,43347,3.509172549778898,0.00039218400350658636
Jkb,30.0,163,43347,3.509172549778898,0.0037603525042102107
Kda,0.0,10797,19478,3.205737166673005,0.5543176917548003
Kda,1.0,3881,19478,3.205737166673005,0.19925043638977308
Kda,2.0,1899,19478,3.205737166673005,0.09749460930280317
Kda,3.0,1074,19478,3.205737166673005,0.05513913132765171
Kda,4.0,571,19478,3.205737166673005,0.029315124756135128
Kda,5.0,324,19478,3.205737166673005,0.016634151350241298
Kda,6.0,186,19478,3.205737166673005,0.009549235034397783
Kda,7.0,143,19478,3.205737166673005,0.007341616182359585
Kda,8.0,72,19478,3.205737166673005,0.0036964780778313993
Kda,9.0,64,19478,3.205737166673005,0.0032857582914056884
Kda,10.0,34,19478,3.205737166673005,0.001745559092309272
Kda,11.0,47,19478,3.205737166673005,0.0024129787452510524
Kda,12.0,40,19478,3.205737166673005,0.002053598932128555
Kda,13.0,32,19478,3.205737166673005,0.0016428791457028442
Kda,14.0,35,19478,3.205737166673005,0.001796899065612486
Kda,15.0,34,19478,3.205737166673005,0.001745559092309272
Kda,16.0,21,19478,3.205737166673005,0.0010781394393674915
Kda,17.0,24,19478,3.205737166673005,0.0012321593592771332
Kda,18.0,22,19478,3.205737166673005,0.0011294794126707054
Kda,19.0,20,19478,3.205737166673005,0.0010267994660642776
Kda,20.0,11,19478,3.205737166673005,0.0005647397063353527
Kda,21.0,20,19478,3.205737166673005,0.0010267994660642776
Kda,22.0,7,19478,3.205737166673005,0.0003593798131224972
Kda,23.0,12,19478,3.205737166673005,0.0006160796796385666
Kda,24.0,5,19478,3.205737166673005,0.0002566998665160694
Kda,25.0,10,19478,3.205737166673005,0.0005133997330321388
Kda,26.0,5,19478,3.205737166673005,0.0002566998665160694
Kda,27.0,5,19478,3.205737166673005,0.0002566998665160694
Kda,28.0,3,19478,3.205737166673005,0.00015401991990964166
Kda,29.0,8,19478,3.205737166673005,0.00041071978642571105
Kda,30.0,72,19478,3.205737166673005,0.0036964780778313993
Ke,0.0,23928,50215,3.581304077812778,0.4765110026884397
Ke,1.0,16230,50215,3.581304077812778,0.3232101961565269
Ke,2.0,3338,50215,3.581304077812778,0.06647416110723887
Ke,3.0,1642,50215,3.581304077812778,0.03269939261176939
Ke,4.0,844,50215,3.581304077812778,0.016807726774868068
Ke,5.0,590,50215,3.581304077812778,0.011749477247834312
Ke,6.0,806,50215,3.581304077812778,0.016050980782634672
Ke,7.0,510,50215,3.581304077812778,0.010156327790500847
Ke,8.0,351,50215,3.581304077812778,0.006989943244050583
Ke,9.0,272,50215,3.581304077812778,0.005416708154933785
Ke,10.0,218,50215,3.581304077812778,0.004341332271233695
Ke,11.0,171,50215,3.581304077812778,0.0034053569650502836
Ke,12.0,124,50215,3.581304077812778,0.0024693816588668726
Ke,13.0,114,50215,3.581304077812778,0.002270237976700189
Ke,14.0,153,50215,3.581304077812778,0.003046898337150254
Ke,15.0,104,50215,3.581304077812778,0.002071094294533506
Ke,16.0,89,50215,3.581304077812778,0.0017723787712834811
Ke,17.0,75,50215,3.581304077812778,0.0014935776162501246
Ke,18.0,75,50215,3.581304077812778,0.0014935776162501246
Ke,19.0,47,50215,3.581304077812778,0.0009359753061834113
Ke,20.0,49,50215,3.581304077812778,0.000975804042616748
Ke,21.0,40,50215,3.581304077812778,0.000796574728666733
Ke,22.0,44,50215,3.581304077812778,0.0008762322015334064
Ke,23.0,49,50215,3.581304077812778,0.000975804042616748
Ke,24.0,28,50215,3.581304077812778,0.0005576023100667131
Ke,25.0,25,50215,3.581304077812778,0.0004978592054167082
Ke,26.0,25,50215,3.581304077812778,0.0004978592054167082
Ke,27.0,19,50215,3.581304077812778,0.0003783729961166982
Ke,28.0,14,50215,3.581304077812778,0.00027880115503335656
Ke,29.0,19,50215,3.581304077812778,0.0003783729961166982
Ke,30.0,222,50215,3.581304077812778,0.004420989744100368
Khä,0.0,27713,42326,3.4578257795774383,0.654751216746208
Khä,1.0,7249,42326,3.4578257795774383,0.17126588857912395
Khä,2.0,2143,42326,3.4578257795774383,0.05063081793696546
Khä,3.0,1211,42326,3.4578257795774383,0.028611255493077543
Khä,4.0,809,42326,3.4578257795774383,0.01911354722865378
Khä,5.0,629,42326,3.4578257795774383,0.014860842035628218
Khä,6.0,440,42326,3.4578257795774383,0.010395501582951378
Khä,7.0,348,42326,3.4578257795774383,0.00822189670651609
Khä,8.0,251,42326,3.4578257795774383,0.005930161130274536
Khä,9.0,200,42326,3.4578257795774383,0.004725227992250626
Khä,10.0,153,42326,3.4578257795774383,0.003614799414071729
Khä,11.0,133,42326,3.4578257795774383,0.0031422766148466665
Khä,12.0,135,42326,3.4578257795774383,0.0031895288947691725
Khä,13.0,112,42326,3.4578257795774383,0.0026461276756603504
Khä,14.0,101,42326,3.4578257795774383,0.002386240136086566
Khä,15.0,77,42326,3.4578257795774383,0.001819212777016491
Khä,16.0,76,42326,3.4578257795774383,0.0017955866370552378
Khä,17.0,54,42326,3.4578257795774383,0.001275811557907669
Khä,18.0,47,42326,3.4578257795774383,0.0011104285781788972
Khä,19.0,41,42326,3.4578257795774383,0.0009686717384113783
Khä,20.0,47,42326,3.4578257795774383,0.0011104285781788972
Khä,21.0,30,42326,3.4578257795774383,0.0007087841988375939
Khä,22.0,23,42326,3.4578257795774383,0.000543401219108822
Khä,23.0,33,42326,3.4578257795774383,0.0007796626187213533
Khä,24.0,20,42326,3.4578257795774383,0.0004725227992250626
Khä,25.0,28,42326,3.4578257795774383,0.0006615319189150876
Khä,26.0,20,42326,3.4578257795774383,0.0004725227992250626
Khä,27.0,14,42326,3.4578257795774383,0.0003307659594575438
Khä,28.0,12,42326,3.4578257795774383,0.00028351367953503755
Khä,29.0,21,42326,3.4578257795774383,0.0004961489391863157
Khä,30.0,156,42326,3.4578257795774383,0.0036856778339554885
Kän,0.0,24177,33839,3.2243561421799876,0.7144714678329738
Kän,1.0,4821,33839,3.2243561421799876,0.14246874907650936
Kän,2.0,1468,33839,3.2243561421799876,0.04338189662815095
Kän,3.0,723,33839,3.2243561421799876,0.021365879606371346
Kän,4.0,517,33839,3.2243561421799876,0.015278229262094033
Kän,5.0,381,33839,3.2243561421799876,0.011259197966842991
Kän,6.0,310,33839,3.2243561421799876,0.009161027217116344
Kän,7.0,230,33839,3.2243561421799876,0.006796891161086321
Kän,8.0,173,33839,3.2243561421799876,0.005112444221164928
Kän,9.0,126,33839,3.2243561421799876,0.0037235142882472887
Kän,10.0,105,33839,3.2243561421799876,0.0031029285735394074
Kän,11.0,99,33839,3.2243561421799876,0.0029256183693371555
Kän,12.0,106,33839,3.2243561421799876,0.0031324802742397823
Kän,13.0,79,33839,3.2243561421799876,0.002334584355329649
Kän,14.0,49,33839,3.2243561421799876,0.00144803333431839
Kän,15.0,50,33839,3.2243561421799876,0.0014775850350187652
Kän,16.0,50,33839,3.2243561421799876,0.0014775850350187652
Kän,17.0,33,33839,3.2243561421799876,0.0009752061231123851
Kän,18.0,39,33839,3.2243561421799876,0.001152516327314637
Kän,19.0,27,33839,3.2243561421799876,0.0007978959189101333
Kän,20.0,27,33839,3.2243561421799876,0.0007978959189101333
Kän,21.0,18,33839,3.2243561421799876,0.0005319306126067555
Kän,22.0,20,33839,3.2243561421799876,0.0005910340140075061
Kän,23.0,23,33839,3.2243561421799876,0.0006796891161086321
Kän,24.0,16,33839,3.2243561421799876,0.0004728272112060049
Kän,25.0,16,33839,3.2243561421799876,0.0004728272112060049
Kän,26.0,13,33839,3.2243561421799876,0.000384172109104879
Kän,27.0,9,33839,3.2243561421799876,0.00026596530630337774
Kän,28.0,11,33839,3.2243561421799876,0.0003250687077041284
Kän,29.0,11,33839,3.2243561421799876,0.0003250687077041284
Kän,30.0,112,33839,3.2243561421799876,0.003309790478442034
Ngd,0.0,11815,20795,3.2828844231075722,0.5681654243808608
Ngd,1.0,5638,20795,3.2828844231075722,0.2711228660735754
Ngd,2.0,1351,20795,3.2828844231075722,0.06496754027410435
Ngd,3.0,624,20795,3.2828844231075722,0.030007213272421254
Ngd,4.0,280,20795,3.2828844231075722,0.013464775186342872
Ngd,5.0,168,20795,3.2828844231075722,0.008078865111805722
Ngd,6.0,92,20795,3.2828844231075722,0.004424140418369801
Ngd,7.0,115,20795,3.2828844231075722,0.005530175522962251
Ngd,8.0,99,20795,3.2828844231075722,0.004760759798028372
Ngd,9.0,92,20795,3.2828844231075722,0.004424140418369801
Ngd,10.0,67,20795,3.2828844231075722,0.0032219283481606156
Ngd,11.0,55,20795,3.2828844231075722,0.002644866554460207
Ngd,12.0,26,20795,3.2828844231075722,0.0012503005530175523
Ngd,13.0,29,20795,3.2828844231075722,0.0013945660014426545
Ngd,14.0,18,20795,3.2828844231075722,0.0008655926905506131
Ngd,15.0,9,20795,3.2828844231075722,0.00043279634527530655
Ngd,16.0,13,20795,3.2828844231075722,0.0006251502765087762
Ngd,17.0,27,20795,3.2828844231075722,0.0012983890358259198
Ngd,18.0,74,20795,3.2828844231075722,0.0035585477278191873
Ngd,19.0,25,20795,3.2828844231075722,0.0012022120702091848
Ngd,20.0,19,20795,3.2828844231075722,0.0009136811733589806
Ngd,21.0,13,20795,3.2828844231075722,0.0006251502765087762
Ngd,22.0,7,20795,3.2828844231075722,0.00033661937965857175
Ngd,23.0,2,20795,3.2828844231075722,9.617696561673479e-05
Ngd,24.0,4,20795,3.2828844231075722,0.00019235393123346957
Ngd,25.0,6,20795,3.2828844231075722,0.0002885308968502044
Ngd,26.0,7,20795,3.2828844231075722,0.00033661937965857175
Ngd,27.0,3,20795,3.2828844231075722,0.0001442654484251022
Ngd,28.0,9,20795,3.2828844231075722,0.00043279634527530655
Ngd,29.0,18,20795,3.2828844231075722,0.0008655926905506131
Ngd,30.0,90,20795,3.2828844231075722,0.004327963452753066
Nyh,0.0,9490,10610,1.3761054302894478,0.8944392082940622
Nyh,1.0,633,10610,1.3761054302894478,0.059660697455230914
Nyh,2.0,206,10610,1.3761054302894478,0.01941564561734213
Nyh,3.0,98,10610,1.3761054302894478,0.009236569274269557
Nyh,4.0,57,10610,1.3761054302894478,0.005372290292177191
Nyh,5.0,37,10610,1.3761054302894478,0.0034872761545711593
Nyh,6.0,20,10610,1.3761054302894478,0.001885014137606032
Nyh,7.0,13,10610,1.3761054302894478,0.0012252591894439209
Nyh,8.0,7,10610,1.3761054302894478,0.0006597549481621112
Nyh,9.0,5,10610,1.3761054302894478,0.000471253534401508
Nyh,10.0,5,10610,1.3761054302894478,0.000471253534401508
Nyh,11.0,4,10610,1.3761054302894478,0.00037700282752120643
Nyh,12.0,4,10610,1.3761054302894478,0.00037700282752120643
Nyh,13.0,2,10610,1.3761054302894478,0.00018850141376060322
Nyh,14.0,10,10610,1.3761054302894478,0.000942507068803016
Nyh,15.0,2,10610,1.3761054302894478,0.00018850141376060322
Nyh,16.0,2,10610,1.3761054302894478,0.00018850141376060322
Nyh,17.0,3,10610,1.3761054302894478,0.0002827521206409048
Nyh,19.0,1,10610,1.3761054302894478,9.425070688030161e-05
Nyh,22.0,1,10610,1.3761054302894478,9.425070688030161e-05
Nyh,23.0,1,10610,1.3761054302894478,9.425070688030161e-05
Nyh,24.0,1,10610,1.3761054302894478,9.425070688030161e-05
Nyh,25.0,1,10610,1.3761054302894478,9.425070688030161e-05
Nyh,28.0,1,10610,1.3761054302894478,9.425070688030161e-05
Nyh,30.0,6,10610,1.3761054302894478,0.0005655042412818096
Skg,0.0,25726,49796,3.53972513587914,0.5166278415937023
Skg,1.0,13380,49796,3.53972513587914,0.26869628082576913
Skg,2.0,3574,49796,3.53972513587914,0.07177283315928991
Skg,3.0,1974,49796,3.53972513587914,0.03964173829223231
Skg,4.0,1123,49796,3.53972513587914,0.02255201220981605
Skg,5.0,791,49796,3.53972513587914,0.015884810024901597
Skg,6.0,584,49796,3.53972513587914,0.011727849626476022
Skg,7.0,414,49796,3.53972513587914,0.008313920796851153
Skg,8.0,294,49796,3.53972513587914,0.005904088681821833
Skg,9.0,269,49796,3.53972513587914,0.005402040324524058
Skg,10.0,202,49796,3.53972513587914,0.004056550726966021
Skg,11.0,159,49796,3.53972513587914,0.0031930275524138484
Skg,12.0,131,49796,3.53972513587914,0.0026307333922403406
Skg,13.0,156,49796,3.53972513587914,0.0031327817495381154
Skg,14.0,138,49796,3.53972513587914,0.0027713069322837175
Skg,15.0,105,49796,3.53972513587914,0.0021086031006506546
Skg,16.0,65,49796,3.53972513587914,0.0013053257289742147
Skg,17.0,72,49796,3.53972513587914,0.0014458992690175917
Skg,18.0,66,49796,3.53972513587914,0.0013254076632661259
Skg,19.0,62,49796,3.53972513587914,0.0012450799260984818
Skg,20.0,51,49796,3.53972513587914,0.0010241786488874608
Skg,21.0,50,49796,3.53972513587914,0.00100409671459555
Skg,22.0,35,49796,3.53972513587914,0.0007028677002168849
Skg,23.0,28,49796,3.53972513587914,0.0005622941601735079
Skg,24.0,35,49796,3.53972513587914,0.0007028677002168849
Skg,25.0,23,49796,3.53972513587914,0.0004618844887139529
Skg,26.0,23,49796,3.53972513587914,0.0004618844887139529
Skg,27.0,28,49796,3.53972513587914,0.0005622941601735079
Skg,28.0,22,49796,3.53972513587914,0.00044180255442204195
Skg,29.0,24,49796,3.53972513587914,0.0004819664230058639
Skg,30.0,192,49796,3.53972513587914,0.0038557313840469113
Spå,0.0,24505,47459,3.6024810524414286,0.5163404201521313
Spå,1.0,12233,47459,3.6024810524414286,0.25775932910512234
Spå,2.0,3876,47459,3.6024810524414286,0.08167049453212247
Spå,3.0,1716,47459,3.6024810524414286,0.03615752544301397
Spå,4.0,1050,47459,3.6024810524414286,0.022124359973872184
Spå,5.0,787,47459,3.6024810524414286,0.016582734570892772
Spå,6.0,574,47459,3.6024810524414286,0.012094650119050128
Spå,7.0,462,47459,3.6024810524414286,0.009734718388503762
Spå,8.0,342,47459,3.6024810524414286,0.007206220105775512
Spå,9.0,279,47459,3.6024810524414286,0.00587875850734318
Spå,10.0,196,47459,3.6024810524414286,0.004129880528456141
Spå,11.0,153,47459,3.6024810524414286,0.0032238353104785183
Spå,12.0,149,47459,3.6024810524414286,0.0031395520343875764
Spå,13.0,116,47459,3.6024810524414286,0.002444215006637308
Spå,14.0,120,47459,3.6024810524414286,0.00252849828272825
Spå,15.0,110,47459,3.6024810524414286,0.0023177900925008955
Spå,16.0,87,47459,3.6024810524414286,0.001833161254977981
Spå,17.0,76,47459,3.6024810524414286,0.0016013822457278915
Spå,18.0,65,47459,3.6024810524414286,0.0013696032364778018
Spå,19.0,59,47459,3.6024810524414286,0.0012431783223413894
Spå,20.0,52,47459,3.6024810524414286,0.0010956825891822416
Spå,21.0,43,47459,3.6024810524414286,0.0009060452179776228
Spå,22.0,35,47459,3.6024810524414286,0.0007374786657957395
Spå,23.0,42,47459,3.6024810524414286,0.0008849743989548874
Spå,24.0,37,47459,3.6024810524414286,0.0007796203038412103
Spå,25.0,25,47459,3.6024810524414286,0.0005267704755683853
Spå,26.0,22,47459,3.6024810524414286,0.0004635580185001791
Spå,27.0,14,47459,3.6024810524414286,0.0002949914663182958
Spå,28.0,20,47459,3.6024810524414286,0.0004214163804547083
Spå,29.0,14,47459,3.6024810524414286,0.0002949914663182958
Spå,30.0,200,47459,3.6024810524414286,0.0042141638045470825
Sst,0.0,29715,49276,3.7033060432301084,0.6030319019400925
Sst,1.0,9149,49276,3.7033060432301084,0.18566847958438185
Sst,2.0,3322,49276,3.7033060432301084,0.06741618637876451
Sst,3.0,1680,49276,3.7033060432301084,0.03409367643477555
Sst,4.0,1086,49276,3.7033060432301084,0.022039126552479908
Sst,5.0,827,49276,3.7033060432301084,0.01678301810211868
Sst,6.0,692,49276,3.7033060432301084,0.014043347674324214
Sst,7.0,467,49276,3.7033060432301084,0.009477230294666775
Sst,8.0,350,49276,3.7033060432301084,0.007102849257244906
Sst,9.0,253,49276,3.7033060432301084,0.005134345320237032
Sst,10.0,216,49276,3.7033060432301084,0.004383472684471142
Sst,11.0,178,49276,3.7033060432301084,0.0036123061936845524
Sst,12.0,128,49276,3.7033060432301084,0.002597613442649566
Sst,13.0,98,49276,3.7033060432301084,0.001988797792028574
Sst,14.0,138,49276,3.7033060432301084,0.002800551992856563
Sst,15.0,125,49276,3.7033060432301084,0.0025367318775874666
Sst,16.0,94,49276,3.7033060432301084,0.0019076223719457748
Sst,17.0,84,49276,3.7033060432301084,0.0017046838217387775
Sst,18.0,60,49276,3.7033060432301084,0.0012176313012419839
Sst,19.0,52,49276,3.7033060432301084,0.001055280461076386
Sst,20.0,46,49276,3.7033060432301084,0.0009335173309521877
Sst,21.0,47,49276,3.7033060432301084,0.0009538111859728874
Sst,22.0,41,49276,3.7033060432301084,0.000832048055848689
Sst,23.0,38,49276,3.7033060432301084,0.0007711664907865899
Sst,24.0,30,49276,3.7033060432301084,0.0006088156506209919
Sst,25.0,34,49276,3.7033060432301084,0.0006899910707037908
Sst,26.0,28,49276,3.7033060432301084,0.0005682279405795925
Sst,27.0,27,49276,3.7033060432301084,0.0005479340855588928
Sst,28.0,25,49276,3.7033060432301084,0.0005073463755174933
Sst,29.0,25,49276,3.7033060432301084,0.0005073463755174933
Sst,30.0,221,49276,3.7033060432301084,0.004484941959574641
Ssä,0.0,11183,20888,3.201048305681939,0.535379165070854
Ssä,1.0,5250,20888,3.201048305681939,0.25134048257372654
Ssä,2.0,1785,20888,3.201048305681939,0.08545576407506703
Ssä,3.0,963,20888,3.201048305681939,0.04610302566066641
Ssä,4.0,465,20888,3.201048305681939,0.022261585599387207
Ssä,5.0,251,20888,3.201048305681939,0.012016468785905784
Ssä,6.0,127,20888,3.201048305681939,0.006080045959402528
Ssä,7.0,91,20888,3.201048305681939,0.00435656836461126
Ssä,8.0,155,20888,3.201048305681939,0.0074205285331290696
Ssä,9.0,104,20888,3.201048305681939,0.00497893527384144
Ssä,10.0,70,20888,3.201048305681939,0.003351206434316354
Ssä,11.0,52,20888,3.201048305681939,0.00248946763692072
Ssä,12.0,39,20888,3.201048305681939,0.00186710072769054
Ssä,13.0,32,20888,3.201048305681939,0.0015319800842589046
Ssä,14.0,18,20888,3.201048305681939,0.0008617387973956338
Ssä,15.0,23,20888,3.201048305681939,0.0011011106855610877
Ssä,16.0,44,20888,3.201048305681939,0.0021064726158559937
Ssä,17.0,29,20888,3.201048305681939,0.0013883569513596322
Ssä,18.0,25,20888,3.201048305681939,0.0011968594408272692
Ssä,19.0,11,20888,3.201048305681939,0.0005266181539639984
Ssä,20.0,23,20888,3.201048305681939,0.0011011106855610877
Ssä,21.0,9,20888,3.201048305681939,0.0004308693986978169
Ssä,22.0,10,20888,3.201048305681939,0.0004787437763309077
Ssä,23.0,4,20888,3.201048305681939,0.00019149751053236308
Ssä,24.0,6,20888,3.201048305681939,0.00028724626579854464
Ssä,25.0,10,20888,3.201048305681939,0.0004787437763309077
Ssä,26.0,10,20888,3.201048305681939,0.0004787437763309077
Ssä,27.0,5,20888,3.201048305681939,0.00023937188816545386
Ssä,28.0,6,20888,3.201048305681939,0.00028724626579854464
Ssä,29.0,11,20888,3.201048305681939,0.0005266181539639984
Ssä,30.0,77,20888,3.201048305681939,0.003686327077747989
Sub,0.0,35294,50374,3.5147469416773593,0.7006392186445388
Sub,1.0,6533,50374,3.5147469416773593,0.12968991940286656
Sub,2.0,2456,50374,3.5147469416773593,0.04875531027911224
Sub,3.0,1343,50374,3.5147469416773593,0.02666057887005201
Sub,4.0,837,50374,3.5147469416773593,0.016615714455870092
Sub,5.0,717,50374,3.5147469416773593,0.014233533171874379
Sub,6.0,605,50374,3.5147469416773593,0.012010163973478382
Sub,7.0,442,50374,3.5147469416773593,0.008774367729384206
Sub,8.0,321,50374,3.5147469416773593,0.00637233493468853
Sub,9.0,257,50374,3.5147469416773593,0.005101838249890816
Sub,10.0,177,50374,3.5147469416773593,0.0035137173938936755
Sub,11.0,156,50374,3.5147469416773593,0.0030968356691944256
Sub,12.0,114,50374,3.5147469416773593,0.0022630722197959263
Sub,13.0,134,50374,3.5147469416773593,0.0026601024337952117
Sub,14.0,112,50374,3.5147469416773593,0.0022233691983959978
Sub,15.0,95,50374,3.5147469416773593,0.0018858935164966055
Sub,16.0,86,50374,3.5147469416773593,0.001707229920196927
Sub,17.0,75,50374,3.5147469416773593,0.0014888633024973202
Sub,18.0,74,50374,3.5147469416773593,0.0014690117917973559
Sub,19.0,51,50374,3.5147469416773593,0.0010124270456981777
Sub,20.0,41,50374,3.5147469416773593,0.000813911938698535
Sub,21.0,48,50374,3.5147469416773593,0.0009528725135982848
Sub,22.0,42,50374,3.5147469416773593,0.0008337634493984993
Sub,23.0,40,50374,3.5147469416773593,0.0007940604279985707
Sub,24.0,18,50374,3.5147469416773593,0.0003573271925993568
Sub,25.0,23,50374,3.5147469416773593,0.00045658474609917816
Sub,26.0,19,50374,3.5147469416773593,0.00037717870329932106
Sub,27.0,20,50374,3.5147469416773593,0.00039703021399928535
Sub,28.0,16,50374,3.5147469416773593,0.0003176241711994283
Sub,29.0,19,50374,3.5147469416773593,0.00037717870329932106
Sub,30.0,209,50374,3.5147469416773593,0.004148965736292532
Ts,0.0,12976,20859,3.118287217758616,0.6220815954743756
Ts,1.0,3536,20859,3.118287217758616,0.16951915240423798
Ts,2.0,1718,20859,3.118287217758616,0.08236252936382377
Ts,3.0,949,20859,3.118287217758616,0.045495948990843284
Ts,4.0,499,20859,3.118287217758616,0.0239225274461863
Ts,5.0,277,20859,3.118287217758616,0.01327963948415552
Ts,6.0,194,20859,3.118287217758616,0.009300541732585455
Ts,7.0,109,20859,3.118287217758616,0.005225562107483581
Ts,8.0,77,20859,3.118287217758616,0.003691452130974639
Ts,9.0,52,20859,3.118287217758616,0.002492928711827029
Ts,10.0,49,20859,3.118287217758616,0.002349105901529316
Ts,11.0,37,20859,3.118287217758616,0.001773814660338463
Ts,12.0,41,20859,3.118287217758616,0.0019655784074020808
Ts,13.0,38,20859,3.118287217758616,0.0018217555971043675
Ts,14.0,34,20859,3.118287217758616,0.0016299918500407497
Ts,15.0,33,20859,3.118287217758616,0.0015820509132748455
Ts,16.0,26,20859,3.118287217758616,0.0012464643559135145
Ts,17.0,22,20859,3.118287217758616,0.001054700608849897
Ts,18.0,21,20859,3.118287217758616,0.0010067596720839925
Ts,19.0,11,20859,3.118287217758616,0.0005273503044249485
Ts,20.0,18,20859,3.118287217758616,0.0008629368617862793
Ts,21.0,10,20859,3.118287217758616,0.0004794093676590441
Ts,22.0,4,20859,3.118287217758616,0.00019176374706361763
Ts,23.0,7,20859,3.118287217758616,0.00033558655736133083
Ts,24.0,6,20859,3.118287217758616,0.00028764562059542645
Ts,25.0,10,20859,3.118287217758616,0.0004794093676590441
Ts,26.0,8,20859,3.118287217758616,0.00038352749412723527
Ts,27.0,7,20859,3.118287217758616,0.00033558655736133083
Ts,28.0,4,20859,3.118287217758616,0.00019176374706361763
Ts,29.0,13,20859,3.118287217758616,0.0006232321779567572
Ts,30.0,73,20859,3.118287217758616,0.003499688383911022
Tåd,0.0,33293,49286,3.5469932128754973,0.6755062289493974
Tåd,1.0,7041,49286,3.5469932128754973,0.1428600413910644
Tåd,2.0,2831,49286,3.5469932128754973,0.057440246723207404
Tåd,3.0,1528,49286,3.5469932128754973,0.031002718824818407
Tåd,4.0,960,49286,3.5469932128754973,0.019478147952765493
Tåd,5.0,682,49286,3.5469932128754973,0.013837600941443817
Tåd,6.0,476,49286,3.5469932128754973,0.009657915026579556
Tåd,7.0,382,49286,3.5469932128754973,0.007750679706204602
Tåd,8.0,257,49286,3.5469932128754973,0.005214462524854928
Tåd,9.0,258,49286,3.5469932128754973,0.005234752262305725
Tåd,10.0,176,49286,3.5469932128754973,0.00357099379134034
Tåd,11.0,132,49286,3.5469932128754973,0.002678245343505255
Tåd,12.0,142,49286,3.5469932128754973,0.002881142718013229
Tåd,13.0,154,49286,3.5469932128754973,0.0031246195674227975
Tåd,14.0,116,49286,3.5469932128754973,0.002353609544292497
Tåd,15.0,90,49286,3.5469932128754973,0.0018260763705717647
Tåd,16.0,73,49286,3.5469932128754973,0.0014811508339082093
Tåd,17.0,58,49286,3.5469932128754973,0.0011768047721462485
Tåd,18.0,64,49286,3.5469932128754973,0.0012985431968510327
Tåd,19.0,64,49286,3.5469932128754973,0.0012985431968510327
Tåd,20.0,45,49286,3.5469932128754973,0.0009130381852858824
Tåd,21.0,45,49286,3.5469932128754973,0.0009130381852858824
Tåd,22.0,37,49286,3.5469932128754973,0.0007507202856795034
Tåd,23.0,35,49286,3.5469932128754973,0.0007101408107779085
Tåd,24.0,26,49286,3.5469932128754973,0.0005275331737207321
Tåd,25.0,21,49286,3.5469932128754973,0.0004260844864667451
Tåd,26.0,24,49286,3.5469932128754973,0.0004869536988191373
Tåd,27.0,27,49286,3.5469932128754973,0.0005478229111715294
Tåd,28.0,23,49286,3.5469932128754973,0.0004666639613683399
Tåd,29.0,19,49286,3.5469932128754973,0.00038550501156515033
Tåd,30.0,207,49286,3.5469932128754973,0.004199975652315059
Vhe,0.0,27819,35166,2.742334494239837,0.7910766080873571
Vhe,1.0,4414,35166,2.742334494239837,0.12551896718421202
Vhe,2.0,897,35166,2.742334494239837,0.02550759256099642
Vhe,3.0,450,35166,2.742334494239837,0.01279645111755673
Vhe,4.0,288,35166,2.742334494239837,0.008189728715236308
Vhe,5.0,213,35166,2.742334494239837,0.006056986862310186
Vhe,6.0,136,35166,2.742334494239837,0.0038673718933060343
Vhe,7.0,120,35166,2.742334494239837,0.003412386964681795
Vhe,8.0,109,35166,2.742334494239837,0.0030995848262526304
Vhe,9.0,81,35166,2.742334494239837,0.0023033612011602116
Vhe,10.0,68,35166,2.742334494239837,0.0019336859466530171
Vhe,11.0,57,35166,2.742334494239837,0.0016208838082238527
Vhe,12.0,73,35166,2.742334494239837,0.002075868736848092
Vhe,13.0,41,35166,2.742334494239837,0.0011658988795996133
Vhe,14.0,34,35166,2.742334494239837,0.0009668429733265086
Vhe,15.0,28,35166,2.742334494239837,0.0007962236250924188
Vhe,16.0,39,35166,2.742334494239837,0.0011090257635215834
Vhe,17.0,22,35166,2.742334494239837,0.0006256042768583291
Vhe,18.0,27,35166,2.742334494239837,0.0007677870670534039
Vhe,19.0,25,35166,2.742334494239837,0.0007109139509753739
Vhe,20.0,21,35166,2.742334494239837,0.0005971677188193141
Vhe,21.0,19,35166,2.742334494239837,0.0005402946027412842
Vhe,22.0,26,35166,2.742334494239837,0.0007393505090143889
Vhe,23.0,15,35166,2.742334494239837,0.00042654837058522436
Vhe,24.0,10,35166,2.742334494239837,0.0002843655803901496
Vhe,25.0,11,35166,2.742334494239837,0.00031280213842916455
Vhe,26.0,6,35166,2.742334494239837,0.00017061934823408976
Vhe,27.0,6,35166,2.742334494239837,0.00017061934823408976
Vhe,28.0,8,35166,2.742334494239837,0.00022749246431211966
Vhe,29.0,6,35166,2.742334494239837,0.00017061934823408976
Vhe,30.0,97,35166,2.742334494239837,0.002758346129784451
Äs,0.0,34901,49577,3.540235110343778,0.7039756338624765
Äs,1.0,5933,49577,3.540235110343778,0.11967242874720133
Äs,2.0,2681,49577,3.540235110343778,0.05407749561288501
Äs,3.0,1491,49577,3.540235110343778,0.03007442967505093
Äs,4.0,875,49577,3.540235110343778,0.01764931318958388
Äs,5.0,662,49577,3.540235110343778,0.013352966093148032
Äs,6.0,508,49577,3.540235110343778,0.01024668697178127
Äs,7.0,398,49577,3.540235110343778,0.00802791617080501
Äs,8.0,284,49577,3.540235110343778,0.005728462795247797
Äs,9.0,244,49577,3.540235110343778,0.004921637049438247
Äs,10.0,204,49577,3.540235110343778,0.004114811303628699
Äs,11.0,155,49577,3.540235110343778,0.0031264497650120016
Äs,12.0,126,49577,3.540235110343778,0.002541501099300079
Äs,13.0,133,49577,3.540235110343778,0.0026826956048167498
Äs,14.0,114,49577,3.540235110343778,0.002299453375557214
Äs,15.0,89,49577,3.540235110343778,0.001795187284426246
Äs,16.0,66,49577,3.540235110343778,0.0013312624805857556
Äs,17.0,76,49577,3.540235110343778,0.0015329689170381427
Äs,18.0,82,49577,3.540235110343778,0.001653992778909575
Äs,19.0,51,49577,3.540235110343778,0.0010287028259071747
Äs,20.0,47,49577,3.540235110343778,0.0009480202513262199
Äs,21.0,34,49577,3.540235110343778,0.0006858018839381165
Äs,22.0,40,49577,3.540235110343778,0.0008068257458095488
Äs,23.0,37,49577,3.540235110343778,0.0007463138148738327
Äs,24.0,30,49577,3.540235110343778,0.0006051193093571616
Äs,25.0,24,49577,3.540235110343778,0.0004840954474857293
Äs,26.0,26,49577,3.540235110343778,0.0005244367347762068
Äs,27.0,29,49577,3.540235110343778,0.0005849486657119228
Äs,28.0,21,49577,3.540235110343778,0.0004235835165500131
Äs,29.0,17,49577,3.540235110343778,0.00034290094196905824
Äs,30.0,199,49577,3.540235110343778,0.004013958085402505
Åbe,0.0,24658,49230,3.666649581164713,0.5008734511476742
Åbe,1.0,13075,49230,3.666649581164713,0.26559008734511474
Åbe,2.0,4162,49230,3.666649581164713,0.08454194596790575
Åbe,3.0,1840,49230,3.666649581164713,0.0373755839934999
Åbe,4.0,1137,49230,3.666649581164713,0.023095673369896406
Åbe,5.0,906,49230,3.666649581164713,0.018403412553321147
Åbe,6.0,635,49230,3.666649581164713,0.012898639041235019
Åbe,7.0,493,49230,3.666649581164713,0.01001421897217144
Åbe,8.0,331,49230,3.666649581164713,0.006723542555352427
Åbe,9.0,281,49230,3.666649581164713,0.0057079016859638435
Åbe,10.0,214,49230,3.666649581164713,0.004346942920983141
Åbe,11.0,147,49230,3.666649581164713,0.0029859841560024377
Åbe,12.0,169,49230,3.666649581164713,0.0034328661385334145
Åbe,13.0,111,49230,3.666649581164713,0.0022547227300426568
Åbe,14.0,115,49230,3.666649581164713,0.0023359739995937436
Åbe,15.0,104,49230,3.666649581164713,0.002112533008328255
Åbe,16.0,88,49230,3.666649581164713,0.0017875279301239081
Åbe,17.0,79,49230,3.666649581164713,0.0016047125736339631
Åbe,18.0,69,49230,3.666649581164713,0.001401584399756246
Åbe,19.0,59,49230,3.666649581164713,0.0011984562258785293
Åbe,20.0,57,49230,3.666649581164713,0.0011578305911029859
Åbe,21.0,43,49230,3.666649581164713,0.0008734511476741824
Åbe,22.0,42,49230,3.666649581164713,0.0008531383302864108
Åbe,23.0,30,49230,3.666649581164713,0.0006093845216331506
Åbe,24.0,33,49230,3.666649581164713,0.0006703229737964656
Åbe,25.0,29,49230,3.666649581164713,0.0005890717042453788
Åbe,26.0,22,49230,3.666649581164713,0.00044688198253097704
Åbe,27.0,25,49230,3.666649581164713,0.0005078204346942921
Åbe,28.0,23,49230,3.666649581164713,0.00046719479991874874
Åbe,29.0,34,49230,3.666649581164713,0.0006906357911842373
Åbe,30.0,219,49230,3.666649581164713,0.004448507007921999
Öso,0.0,10923,20879,3.1370750544953254,0.5231572393313856
Öso,1.0,5805,20879,3.1370750544953254,0.2780305570190143
Öso,2.0,1692,20879,3.1370750544953254,0.08103836390631736
Öso,3.0,847,20879,3.1370750544953254,0.04056707696728771
Öso,4.0,427,20879,3.1370750544953254,0.020451171033095454
Öso,5.0,217,20879,3.1370750544953254,0.01039321806599933
Öso,6.0,173,20879,3.1370750544953254,0.008285837444322047
Öso,7.0,145,20879,3.1370750544953254,0.006944777048709229
Öso,8.0,119,20879,3.1370750544953254,0.005699506681354471
Öso,9.0,73,20879,3.1370750544953254,0.003496336031419129
Öso,10.0,54,20879,3.1370750544953254,0.002586330762967575
Öso,11.0,41,20879,3.1370750544953254,0.001963695579290196
Öso,12.0,25,20879,3.1370750544953254,0.0011973753532257291
Öso,13.0,21,20879,3.1370750544953254,0.0010057952967096125
Öso,14.0,34,20879,3.1370750544953254,0.0016284304803869916
Öso,15.0,33,20879,3.1370750544953254,0.0015805354662579625
Öso,16.0,39,20879,3.1370750544953254,0.0018679055510321375
Öso,17.0,26,20879,3.1370750544953254,0.0012452703673547583
Öso,18.0,11,20879,3.1370750544953254,0.0005268451554193208
Öso,19.0,18,20879,3.1370750544953254,0.000862110254322525
Öso,20.0,10,20879,3.1370750544953254,0.00047895014129029165
Öso,21.0,9,20879,3.1370750544953254,0.0004310551271612625
Öso,22.0,2,20879,3.1370750544953254,9.579002825805833e-05
Öso,23.0,6,20879,3.1370750544953254,0.000287370084774175
Öso,24.0,3,20879,3.1370750544953254,0.0001436850423870875
Öso,25.0,2,20879,3.1370750544953254,9.579002825805833e-05
Öso,26.0,6,20879,3.1370750544953254,0.000287370084774175
Öso,27.0,1,20879,3.1370750544953254,4.7895014129029165e-05
Öso,28.0,28,20879,3.1370750544953254,0.0013410603956128166
Öso,29.0,16,20879,3.1370750544953254,0.0007663202260644666
Öso,30.0,73,20879,3.1370750544953254,0.003496336031419129
